time, BH1x, BH1y 
0.0,4.988305662547382,0.0,-4.988305662547382,-0.0
2.0,4.980319711574069,0.27844310010214346,-4.980319711574069,-0.27844310010214346
4.0,4.956800740753966,0.5559942870746636,-4.956800740753966,-0.5559942870746636
6.0,4.917823408976576,0.8317875687643238,-4.917823408976576,-0.8317875687643238
8.0,4.863510626597721,1.1049625041759532,-4.863510626597721,-1.1049625041759532
10.0,4.7940331687640345,1.3746668903177635,-4.7940331687640345,-1.3746668903177635
12.0,4.709609139215653,1.6400594232083066,-4.709609139215653,-1.6400594232083066
14.0,4.610503286244449,1.9003123247296019,-4.610503286244449,-1.9003123247296019
16.0,4.497026172947334,2.1546139271175475,-4.497026172947334,-2.1546139271175475
18.0,4.369533204369608,2.4021712070129744,-4.369533204369608,-2.4021712070129744
20.0,4.228423514580747,2.6422122611542322,-4.228423514580747,-2.6422122611542322
22.0,4.074138717162903,2.873988715974442,-4.074138717162903,-2.873988715974442
24.0,3.907161523019494,3.0967780635730486,-3.907161523019494,-3.0967780635730486
26.0,3.7280142298260683,3.309885916761303,-3.7280142298260683,-3.309885916761303
28.0,3.537257087847035,3.512648176134214,-3.537257087847035,-3.512648176134214
30.0,3.335486547228478,3.704433102396361,-3.335486547228478,-3.704433102396361
32.0,3.123333392247921,3.884643287465121,-3.123333392247921,-3.884643287465121
34.0,2.901460768355493,4.0527175181912085,-2.901460768355493,-4.0527175181912085
36.0,2.6705621081762447,4.208132526872087,-2.6705621081762447,-4.208132526872087
38.0,2.4313589629594548,4.35040462308771,-2.4313589629594548,-4.35040462308771
40.0,2.1845987462565155,4.479091201759048,-2.1845987462565155,-4.479091201759048
42.0,1.9310523968836433,4.593792122716882,-1.9310523968836433,-4.593792122716882
44.0,1.6715119684781379,4.694150957470061,-1.6715119684781379,-4.694150957470061
46.0,1.4067881531866688,4.779856099277685,-1.4067881531866688,-4.779856099277685
48.0,1.137707747230193,4.850641733057181,-1.137707747230193,-4.850641733057181
50.0,0.8651110662720063,4.906288662098518,-0.8651110662720063,-4.906288662098518
52.0,0.5898493186725914,4.946624989002726,-0.5898493186725914,-4.946624989002726
54.0,0.31278194484679256,4.971526648718754,-0.31278194484679256,-4.971526648718754
56.0,0.03477393104497821,4.98091779201543,-0.03477393104497821,-4.98091779201543
58.0,-0.24330689403998434,4.974771018193033,0.24330689403998434,-4.974771018193033
60.0,-0.5205925713842605,4.953107456310737,0.5205925713842605,-4.953107456310737
62.0,-0.7962177239800405,4.91599669468,0.7962177239800405,-4.91599669468
64.0,-1.0693222609340616,4.863556558848801,1.0693222609340616,-4.863556558848801
66.0,-1.3390540648594174,4.795952738775626,1.3390540648594174,-4.795952738775626
68.0,-1.6045716541546196,4.713398266364031,1.6045716541546196,-4.713398266364031
70.0,-1.8650468118423091,4.616152844996875,1.8650468118423091,-4.616152844996875
72.0,-2.1196671727445695,4.5045220331725035,2.1196671727445695,-4.5045220331725035
74.0,-2.367638760902114,4.378856284801733,2.367638760902114,-4.378856284801733
76.0,-2.608188469300208,4.239549849173169,2.608188469300208,-4.239549849173169
78.0,-2.8405664741447048,4.08703953403361,2.8405664741447048,-4.08703953403361
80.0,-3.064048576136314,3.921803335658793,3.064048576136314,-3.921803335658793
82.0,-3.2779384614197244,3.744358940206103,3.2779384614197244,-3.744358940206103
84.0,-3.481569875135497,3.555262101043844,3.481569875135497,-3.555262101043844
86.0,-3.6743087007762436,3.355104897139973,3.6743087007762436,-3.355104897139973
88.0,-3.855554938843425,3.1445138779655792,3.855554938843425,-3.1445138779655792
90.0,-4.02474457861632,2.9241481007237735,4.02474457861632,-2.9241481007237735
92.0,-4.181351357179363,2.6946970660517895,4.181351357179363,-2.6946970660517895
94.0,-4.324888400207017,2.456878558662049,4.324888400207017,-2.456878558662049
96.0,-4.454909739375575,2.211436399685642,4.454909739375575,-2.211436399685642
98.0,-4.571011701657623,1.9591381177582452,4.571011701657623,-1.9591381177582452
100.0,-4.672834166156092,1.7007725461429481,4.672834166156092,-1.7007725461429481
102.0,-4.760061684549673,1.4371473534161834,4.760061684549673,-1.4371473534161834
104.0,-4.832424461648539,1.1690865154510446,4.832424461648539,-1.1690865154510446
106.0,-4.889699192997508,0.8974277366161377,4.889699192997508,-0.8974277366161377
108.0,-4.931709756911527,0.6230198282672397,4.931709756911527,-0.6230198282672397
110.0,-4.958327758784423,0.3467200527428047,4.958327758784423,-0.3467200527428047
112.0,-4.9694729259746335,0.06939144118243352,4.9694729259746335,-0.06939144118243352
114.0,-4.9651133520398245,-0.20809990643059634,4.9651133520398245,0.20809990643059634
116.0,-4.945265589564276,-0.4848875305459152,4.945265589564276,0.4848875305459152
118.0,-4.909994591297422,-0.760107322155841,4.909994591297422,0.760107322155841
120.0,-4.859413499797202,-1.032900225249783,4.859413499797202,1.032900225249783
122.0,-4.793683286246678,-1.302414923148778,4.793683286246678,1.302414923148778
124.0,-4.713012239585077,-1.5678105003062273,4.713012239585077,1.5678105003062273
126.0,-4.617655307563543,-1.8282590712378624,4.617655307563543,1.8282590712378624
128.0,-4.507913291800011,-2.0829483683470444,4.507913291800011,2.0829483683470444
130.0,-4.384131899365292,-2.331084280540479,4.384131899365292,2.331084280540479
132.0,-4.246700653882149,-2.5718933346837307,4.246700653882149,2.5718933346837307
134.0,-4.0960516695596,-2.8046251121252253,4.0960516695596,2.8046251121252253
136.0,-3.9326582920143305,-3.0285545927211466,3.9326582920143305,3.0285545927211466
138.0,-3.7570336101488304,-3.242984419020992,3.7570336101488304,3.242984419020992
140.0,-3.569728843760033,-3.4472470735241,3.569728843760033,3.4472470735241
142.0,-3.3713316119419563,-3.6407069621901162,3.3713316119419563,3.6407069621901162
144.0,-3.1624640877195938,-3.82276239768055,3.1624640877195938,3.82276239768055
146.0,-2.9437810447080053,-3.992847476123131,2.9437810447080053,3.992847476123131
148.0,-2.715967801929169,-4.150433841524837,2.715967801929169,4.150433841524837
150.0,-2.479738073238466,-4.2950323323119814,2.479738073238466,4.2950323323119814
152.0,-2.2358317281118065,-4.426194504845707,2.2358317281118065,4.426194504845707
154.0,-1.9850124708222876,-4.5435140291472855,1.9850124708222876,4.5435140291472855
156.0,-1.7280654452912785,-4.646627952468731,1.7280654452912785,4.646627952468731
158.0,-1.4657947731316876,-4.73521782675906,1.4657947731316876,4.73521782675906
160.0,-1.1990210326107618,-4.8090106965037025,1.1990210326107618,4.8090106965037025
162.0,-0.9285786864448673,-4.867779943852924,0.9285786864448673,4.867779943852924
164.0,-0.6553134664990772,-4.911345988403105,0.6553134664990772,4.911345988403105
166.0,-0.3800797235993983,-4.939576839451061,0.3800797235993983,4.939576839451061
168.0,-0.10373775077469145,-4.952388499004748,0.10373775077469145,4.952388499004748
170.0,0.17284891167153385,-4.949745214302307,-0.17284891167153385,4.949745214302307
172.0,0.4488161808025512,-4.9316595790639415,-0.4488161808025512,4.9316595790639415
174.0,0.7233021369160032,-4.89819248317612,-0.7233021369160032,4.89819248317612
176.0,0.9954497221470727,-4.849452910983546,-0.9954497221470727,4.849452910983546
178.0,1.2644094233398748,-4.785597588839781,-1.2644094233398748,4.785597588839781
180.0,1.5293419307694067,-4.7068304830408225,-1.5293419307694067,4.7068304830408225
182.0,1.7894207643727942,-4.613402149735807,-1.7894207643727942,4.613402149735807
184.0,2.0438348592508824,-4.505608938873926,-2.0438348592508824,4.505608938873926
186.0,2.2917911023296864,-4.383792054705086,-2.2917911023296864,4.383792054705086
188.0,2.5325168122250603,-4.248336475802407,-2.5325168122250603,4.248336475802407
190.0,2.765262154532844,-4.099669738015839,-2.765262154532844,4.099669738015839
192.0,2.989302484970098,-3.9382605841967875,-2.989302484970098,3.9382605841967875
194.0,3.203940613020233,-3.7646174849520286,-3.203940613020233,3.7646174849520286
196.0,3.408508978985136,-3.579287035090321,-3.408508978985136,3.579287035090321
198.0,3.6023717376200177,-3.382852230815571,-3.6023717376200177,3.382852230815571
200.0,3.7849267418208496,-3.1759306330949015,-3.7849267418208496,3.1759306330949015
202.0,3.955607420148825,-2.9591724229875465,-3.955607420148825,2.9591724229875465
204.0,4.11388454231065,-2.733258355059659,-4.11388454231065,2.733258355059659
206.0,4.259267867066064,-2.498897615330252,-4.259267867066064,2.498897615330252
208.0,4.3913076674042335,-2.256825590493168,-4.3913076674042335,2.256825590493168
210.0,4.509596128217008,-2.007801555438523,-4.509596128217008,2.007801555438523
212.0,4.613768612098466,-1.7526062863534726,-4.613768612098466,1.7526062863534726
214.0,4.703504789315368,-1.492039606915676,-4.703504789315368,1.492039606915676
216.0,4.778529628420781,-1.2269178753026642,-4.778529628420781,1.2269178753026642
218.0,4.838614244421879,-0.9580714199258643,-4.838614244421879,0.9580714199258643
220.0,4.88357660186148,-0.6863419319586785,-4.88357660186148,0.6863419319586785
222.0,4.913282070629644,-0.41257982286321965,-4.913282070629644,0.41257982286321965
224.0,4.927643832785379,-0.13764155522966331,-4.927643832785379,0.13764155522966331
226.0,4.926623139137649,0.13761304467454488,-4.926623139137649,-0.13761304467454488
228.0,4.910229414807911,0.41232348419181836,-4.910229414807911,-0.41232348419181836
230.0,4.87852021347197,0.6856313029138392,-4.87852021347197,-0.6856313029138392
232.0,4.831601020455377,0.956682764185932,-4.831601020455377,-0.956682764185932
234.0,4.769624905332573,1.2246315310124554,-4.769624905332573,-1.2246315310124554
236.0,4.692792025153785,1.488641317949344,-4.692792025153785,-1.488641317949344
238.0,4.601348979894108,1.7478885106465443,-4.601348979894108,-1.7478885106465443
240.0,4.495588022184415,2.0015647448059712,-4.495588022184415,-2.0015647448059712
242.0,4.3758461238425985,2.2488794364494824,-4.3758461238425985,-2.2488794364494824
244.0,4.242503902174473,2.489062255545772,-4.242503902174473,-2.489062255545772
246.0,4.095984409455165,2.721365535224598,-4.095984409455165,-2.721365535224598
248.0,3.9367517894325093,2.9450666090107713,-3.9367517894325093,-2.9450666090107713
250.0,3.765309805112591,3.15947006873817,-3.765309805112591,-3.15947006873817
252.0,3.582200242492662,3.363909936055187,-3.582200242492662,-3.363909936055187
254.0,3.3880011952971003,3.557751740706303,-3.3880011952971003,-3.557751740706303
256.0,3.1833252361464934,3.7403944990694695,-3.1833252361464934,-3.7403944990694695
258.0,2.968817479947214,3.9112725867444342,-2.968817479947214,-3.9112725867444342
260.0,2.7451535456278515,4.069857499322212,-2.7451535456278515,-4.069857499322212
262.0,2.513037422668501,4.215659495819487,-2.513037422668501,-4.215659495819487
264.0,2.273199249168207,4.348229119632743,-2.273199249168207,-4.348229119632743
266.0,2.02639300847376,4.467158592254091,-2.02639300847376,-4.467158592254091
268.0,1.7733941516488798,4.572083075393101,-1.7733941516488798,-4.572083075393101
270.0,1.5149971532954667,4.662681797564828,-1.5149971532954667,-4.662681797564828
272.0,1.2520130084477377,4.7386790416326745,-1.2520130084477377,-4.7386790416326745
274.0,0.985266678444494,4.799844990234275,-0.985266678444494,-4.799844990234275
276.0,0.7155944938444979,4.845996426467626,-0.7155944938444979,-4.845996426467626
278.0,0.4438415225839488,4.876997287672261,-0.4438415225839488,-4.876997287672261
280.0,0.17085891168323425,4.892759070604416,-0.17085891168323425,-4.892759070604416
282.0,-0.10249878910799184,4.893241086774777,0.10249878910799184,-4.893241086774777
284.0,-0.3753763132830016,4.878450567190863,0.3753763132830016,-4.878450567190863
286.0,-0.6469203646944223,4.848442616221878,0.6469203646944223,-4.848442616221878
288.0,-0.9162822973400396,4.803320014780607,0.9162822973400396,-4.803320014780607
290.0,-1.1826207793681025,4.743232873492877,1.1826207793681025,-4.743232873492877
292.0,-1.4451044329039746,4.668378136999037,1.4451044329039746,-4.668378136999037
294.0,-1.7029144413782868,4.578998941002056,1.7029144413782868,-4.578998941002056
296.0,-1.9552471161413563,4.475383824141901,1.9552471161413563,-4.475383824141901
298.0,-2.2013164142792814,4.357865797234256,2.2013164142792814,-4.357865797234256
300.0,-2.440356399703315,4.226821272861995,2.440356399703315,-4.226821272861995
302.0,-2.6716236397654285,4.0826688587486215,2.6716236397654285,-4.0826688587486215
304.0,-2.8943995298587977,3.925868018772783,2.8943995298587977,-3.925868018772783
306.0,-3.107992538691657,3.756917605900621,3.107992538691657,-3.756917605900621
308.0,-3.3117403671756684,3.576354271716805,3.3117403671756684,-3.576354271716805
310.0,-3.5050120141453514,3.3847507576241034,3.5050120141453514,-3.3847507576241034
312.0,-3.687209742421479,3.1827140731545356,3.687209742421479,-3.1827140731545356
314.0,-3.857770939048679,2.9708835671908123,3.857770939048679,-2.9708835671908123
316.0,-4.0161698638740795,2.7499288982340575,4.0161698638740795,-2.7499288982340575
318.0,-4.161919280988937,2.5205479101716315,4.161919280988937,-2.5205479101716315
320.0,-4.294571967927682,2.2834644202961476,4.294571967927682,-2.2834644202961476
322.0,-4.4137220979073275,2.039425926602588,4.4137220979073275,-2.039425926602588
324.0,-4.51900649079371,1.7892012416439316,4.51900649079371,-1.7892012416439316
326.0,-4.610105728898129,1.5335780604560232,4.610105728898129,-1.5335780604560232
328.0,-4.686745134137326,1.2733604702689272,4.686745134137326,-1.2733604702689272
330.0,-4.748695603530102,1.0093664099039081,4.748695603530102,-1.0093664099039081
332.0,-4.7957743004537186,0.7424250869120466,4.7957743004537186,-0.7424250869120466
334.0,-4.827845199541201,0.47337436064171756,4.827845199541201,-0.47337436064171756
336.0,-4.844819483565254,0.20305809952734452,4.844819483565254,-0.20305809952734452
338.0,-4.846655791124269,-0.06767647902928264,4.846655791124269,0.06767647902928264
340.0,-4.833360314419384,-0.3379814777616336,4.833360314419384,0.3379814777616336
342.0,-4.80498674688708,-0.6070109891760355,4.80498674688708,0.6070109891760355
344.0,-4.761636080928144,-0.8739237572766738,4.761636080928144,0.8739237572766738
346.0,-4.703456256449145,-1.1378858229586721,4.703456256449145,1.1378858229586721
348.0,-4.630641661405598,-1.3980731447049266,4.630641661405598,1.3980731447049266
350.0,-4.543432486005127,-1.6536741863039564,4.543432486005127,1.6536741863039564
352.0,-4.4421139326926165,-1.9038924634139833,4.4421139326926165,1.9038924634139833
354.0,-4.327015284496291,-2.147949040932184,4.327015284496291,2.147949040932184
356.0,-4.198508834762137,-2.3850849732877535,4.198508834762137,2.3850849732877535
358.0,-4.057008681742968,-2.614563679961623,4.057008681742968,2.614563679961623
360.0,-3.902969391936026,-2.835673248744744,3.902969391936026,2.835673248744744
362.0,-3.736884536478264,-3.0477286594795054,3.736884536478264,3.0477286594795054
364.0,-3.559285105309691,-3.2500739212845824,3.559285105309691,3.2500739212845824
366.0,-3.3707378042014384,-3.4420841165414586,3.3707378042014384,3.4420841165414586
368.0,-3.1718432401150705,-3.623167345220159,3.1718432401150705,3.623167345220159
370.0,-2.963234000712019,-3.7927665634413676,2.963234000712019,3.7927665634413676
372.0,-2.745572634165735,-3.9503613105110946,2.745572634165735,3.9503613105110946
374.0,-2.5195495357431503,-4.095469319021327,2.5195495357431503,4.095469319021327
376.0,-2.2858807479153644,-4.227648002984488,2.2858807479153644,4.227648002984488
378.0,-2.0453056810290997,-4.346495819359802,2.0453056810290997,4.346495819359802
380.0,-1.7985847618196429,-4.451653498734683,1.7985847618196429,4.451653498734683
382.0,-1.5464970172718169,-4.542805141342556,1.5464970172718169,4.542805141342556
384.0,-1.2898376015373723,-4.619679175028984,1.2898376015373723,4.619679175028984
386.0,-1.029415273794341,-4.682049172218948,1.029415273794341,4.682049172218948
388.0,-0.7660498350858469,-4.729734523388479,0.7660498350858469,4.729734523388479
390.0,-0.5005695323020952,-4.762600965001914,0.5005695323020952,4.762600965001914
392.0,-0.23380843756939604,-4.7805609603404795,0.23380843756939604,4.7805609603404795
394.0,0.03339618861621721,-4.783573932117217,-0.03339618861621721,4.783573932117217
396.0,0.30020654212614956,-4.771646346245882,-0.30020654212614956,4.771646346245882
398.0,0.5657869194023688,-4.74483164660591,-0.5657869194023688,4.74483164660591
400.0,0.8293063527280976,-4.7032300411203485,-0.8293063527280976,4.7032300411203485
402.0,1.0899412282014103,-4.646988139937197,-1.0899412282014103,4.646988139937197
404.0,1.3468778781069313,-4.576298446975451,-1.3468778781069313,4.576298446975451
406.0,1.5993151394676781,-4.491398706563773,-1.5993151394676781,4.491398706563773
408.0,1.846466870671949,-4.3925711073605855,-1.846466870671949,4.3925711073605855
410.0,2.0875644182089466,-4.280141346198055,-2.0875644182089466,4.280141346198055
412.0,2.321859025711,-4.154477554937458,-2.321859025711,4.154477554937458
414.0,2.5486241776893666,-4.0159890938583835,-2.5486241776893666,4.0159890938583835
416.0,2.767157870563905,-3.8651252155276405,-2.767157870563905,3.8651252155276405
418.0,2.9767848038238642,-3.702373603504398,-2.9767848038238642,3.702373603504398
420.0,3.176858484416768,-3.5282587906345637,-3.176858484416768,3.5282587906345637
422.0,3.3667632377440753,-3.3433404620684604,-3.3667632377440753,3.3433404620684604
424.0,3.5459161189450974,-3.1482116485002902,-3.5459161189450974,3.1482116485002902
426.0,3.713768718473465,-2.943496815474507,-3.713768718473465,2.943496815474507
428.0,3.8698088563123845,-2.7298498549319388,-3.8698088563123845,2.7298498549319388
430.0,4.01356215953469,-2.50795198547624,-4.01356215953469,2.50795198547624
432.0,4.144593518290334,-2.2785095681281082,-4.144593518290334,2.2785095681281082
434.0,4.262508415696101,-2.042251844599641,-4.262508415696101,2.042251844599641
436.0,4.366954127508746,-1.799928605363468,-4.366954127508746,1.799928605363468
438.0,4.457620787882171,-1.5523077950101225,-4.457620787882171,1.5523077950101225
440.0,4.534242317940339,-1.3001730625817096,-4.534242317940339,1.3001730625817096
442.0,4.5965972143387654,-1.044321264739792,-4.5965972143387654,1.044321264739792
444.0,4.644509195437612,-0.7855599297699416,-4.644509195437612,0.7855599297699416
446.0,4.677847703166765,-0.5247046905440995,-4.677847703166765,0.5247046905440995
448.0,4.696528259126507,-0.26257669465465044,-4.696528259126507,0.26257669465465044
450.0,4.700512673935204,-2.3025871201945255e-15,-4.700512673935204,2.3025871201945255e-15
452.0,4.689809109305809,0.26220103585873,-4.689809109305809,-0.26220103585873
454.0,4.66447199280497,0.5232043642377379,-4.66447199280497,-0.5232043642377379
456.0,4.624601785720212,0.7821928434489829,-4.624601785720212,-0.7821928434489829
458.0,4.570344604930699,1.0383568182196117,-4.570344604930699,-1.0383568182196117
460.0,4.501891700143896,1.2908966722021367,-4.501891700143896,-1.2908966722021367
462.0,4.41947878832256,1.5390253454588745,-4.41947878832256,-1.5390253454588745
464.0,4.323385247582409,1.7819708089238295,-4.323385247582409,-1.7819708089238295
466.0,4.213933173289045,2.0189784879905686,-4.213933173289045,-2.0189784879905686
468.0,4.091486299521837,2.249313627545112,-4.091486299521837,-2.249313627545112
470.0,3.956448789501069,2.472263590957978,-3.956448789501069,-2.472263590957978
472.0,3.8092638989913565,2.6871400857685206,-3.8092638989913565,-2.6871400857685206
474.0,3.6504125170977844,2.8932813090370155,-3.6504125170977844,-2.8932813090370155
476.0,3.4804115892601146,3.0900540056045727,-3.4804115892601146,-3.0900540056045727
478.0,3.2998124276235425,3.2768554327872783,-3.2998124276235425,-3.2768554327872783
480.0,3.109198914320592,3.4531152253377932,-3.109198914320592,-3.4531152253377932
482.0,2.9091856035367454,3.6182971548341674,-2.9091856035367454,-3.6182971548341674
484.0,2.7004157285511794,3.7719007780006537,-2.7004157285511794,-3.7719007780006537
486.0,2.4835591202425245,3.9134629688277913,-2.4835591202425245,-3.9134629688277913
488.0,2.259310043826923,4.042559329737719,-2.259310043826923,-4.042559329737719
490.0,2.028384960850965,4.158805477434396,-2.028384960850965,-4.158805477434396
492.0,1.7915202236944126,4.261858199485851,-1.7915202236944126,-4.261858199485851
494.0,1.5494697100465826,4.35141647810531,-1.5494697100465826,-4.35141647810531
496.0,1.3030024050044753,4.427222378029009,-1.3030024050044753,-4.427222378029009
498.0,1.0528999386006297,4.4890617958288335,-1.0528999386006297,-4.4890617958288335
500.0,0.7999540867028153,4.536765068446557,-0.7999540867028153,-4.536765068446557
502.0,0.5449642433361845,4.570207439191859,-0.5449642433361845,-4.570207439191859
504.0,0.2887348725608899,4.589309379906784,-0.2887348725608899,-4.589309379906784
506.0,0.032072948094172514,4.5940367684636705,-0.032072948094172514,-4.5940367684636705
508.0,-0.22421461110458948,4.584400921230085,0.22421461110458948,-4.584400921230085
510.0,-0.4793235010644956,4.5604584806015565,0.4793235010644956,-4.5604584806015565
512.0,-0.7324545806517326,4.522311158169347,0.7324545806517326,-4.522311158169347
514.0,-0.9828163988887022,4.470105334554571,0.9828163988887022,-4.470105334554571
516.0,-1.2296276936726898,4.404031517400322,1.2296276936726898,-4.404031517400322
518.0,-1.4721198539256366,4.3243236594683925,1.4721198539256366,-4.3243236594683925
520.0,-1.7095393373347818,4.231258339235319,1.7095393373347818,-4.231258339235319
522.0,-1.9411500359974088,4.125153806822486,1.9411500359974088,-4.125153806822486
524.0,-2.1662355824610904,4.006368898525161,2.1662355824610904,-4.006368898525161
526.0,-2.384101588853137,3.8753018236246235,2.384101588853137,-3.8753018236246235
528.0,-2.5940778120186616,3.732388827574243,2.5940778120186616,-3.732388827574243
530.0,-2.7955202378351007,3.578102736043437,2.7955202378351007,-3.578102736043437
532.0,-2.9878130781413015,3.412951384681465,2.9878130781413015,-3.412951384681465
534.0,-3.170370674010462,3.2374759398248583,3.170370674010462,-3.2374759398248583
536.0,-3.3426392994074545,3.052249115716709,3.3426392994074545,-3.052249115716709
538.0,-3.5040988596011906,2.8578732941319878,3.5040988596011906,-2.8578732941319878
540.0,-3.6542644790506036,2.6549785526096215,3.6542644790506036,-2.6549785526096215
542.0,-3.792687973847695,2.444220607777759,3.792687973847695,-2.444220607777759
544.0,-3.918959204181083,2.2262786805233916,3.918959204181083,-2.2262786805233916
546.0,-4.032707302678051,2.001853289999623,4.032707302678051,-2.001853289999623
548.0,-4.133601774890395,1.7716639836831238,4.133601774890395,-1.7716639836831238
550.0,-4.221353468608332,1.5364470108898214,4.221353468608332,-1.5364470108898214
552.0,-4.295715409115904,1.296952947328054,4.295715409115904,-1.296952947328054
554.0,-4.356483497939255,1.0539442784147142,4.356483497939255,-1.0539442784147142
556.0,-4.4034970730844725,0.8081929492009144,4.4034970730844725,-0.8081929492009144
558.0,-4.436639329212913,0.5604778888490252,4.436639329212913,-0.5604778888490252
560.0,-4.455837596657539,0.3115825176722943,4.455837596657539,-0.3115825176722943
562.0,-4.461063478642307,0.06229224479145119,4.461063478642307,-0.06229224479145119
564.0,-4.452332846526653,-0.18660803552036295,4.452332846526653,0.18660803552036295
566.0,-4.4297056933569126,-0.43433644074236155,4.4297056933569126,0.43433644074236155
568.0,-4.393285846464825,-0.6801165822341866,4.393285846464825,0.6801165822341866
570.0,-4.343220540308388,-0.9231800246225692,4.343220540308388,0.9231800246225692
572.0,-4.279699851200954,-1.162768714569373,4.279699851200954,1.162768714569373
574.0,-4.202955996018946,-1.3981373711568503,4.202955996018946,1.3981373711568503
576.0,-4.1132624974156204,-1.6285558302641125,4.1132624974156204,1.6285558302641125
578.0,-4.010933218496412,-1.8533113354716053,4.010933218496412,1.8533113354716053
580.0,-3.8963212703291656,-2.071710768217256,3.8963212703291656,2.071710768217256
582.0,-3.7698177960686934,-2.28308281013825,3.7698177960686934,2.28308281013825
584.0,-3.631850635868239,-2.4867800307653924,3.631850635868239,2.4867800307653924
586.0,-3.4828828771292706,-2.682180893991917,3.4828828771292706,2.682180893991917
588.0,-3.323411295004463,-2.868691677014551,3.323411295004463,2.868691677014551
590.0,-3.153964688415434,-3.045748295740684,3.153964688415434,3.045748295740684
592.0,-2.975102117175808,-3.212818030970675,2.975102117175808,3.212818030970675
594.0,-2.787411046120299,-3.3694011499974748,2.787411046120299,3.3694011499974748
596.0,-2.5915054024308892,-3.515032418615914,2.5915054024308892,3.515032418615914
598.0,-2.3880235526207447,-3.649282498899822,2.3880235526207447,3.649282498899822
600.0,-2.177626205884569,-3.7717592284855335,2.177626205884569,3.7717592284855335
602.0,-1.960994250749695,-3.8821087774939764,1.960994250749695,3.8821087774939764
604.0,-1.7388265321648124,-3.980016679629059,1.7388265321648124,3.980016679629059
606.0,-1.5118375763420753,-4.065208734406195,1.5118375763420753,4.065208734406195
608.0,-1.2807552708228322,-4.137451777890207,1.2807552708228322,4.137451777890207
610.0,-1.0463185073673833,-4.1965543197547595,1.0463185073673833,4.1965543197547595
612.0,-0.8092747953734026,-4.242367044915145,0.8092747953734026,4.242367044915145
614.0,-0.5703778536074989,-4.274783178430346,0.5703778536074989,4.274783178430346
616.0,-0.3303851880877595,-4.293738712818128,0.3303851880877595,4.293738712818128
618.0,-0.09005566398313505,-4.299212497376525,0.09005566398313505,4.299212497376525
620.0,0.14985292060240274,-4.291226189555179,-0.14985292060240274,4.291226189555179
622.0,0.388586251116694,-4.269844068869022,-0.388586251116694,4.269844068869022
624.0,0.6253958955223302,-4.235172714293316,-0.6253958955223302,4.235172714293316
626.0,0.8595416780156224,-4.187360546521611,-0.8595416780156224,4.187360546521611
628.0,1.090294019881482,-4.12659723690523,-1.090294019881482,4.12659723690523
630.0,1.3169362399888376,-4.053112985323134,-1.3169362399888376,4.053112985323134
632.0,1.5387668075802963,-3.967177669652945,-1.5387668075802963,3.967177669652945
634.0,1.7551015401825882,-3.869099869926127,-1.7551015401825882,3.869099869926127
636.0,1.9652757396603882,-3.7592257706516383,-1.9652757396603882,3.7592257706516383
638.0,2.1686462596545946,-3.63793794518128,-2.1686462596545946,3.63793794518128
640.0,2.3645934978863776,-3.5056540263653586,-2.3645934978863776,3.5056540263653586
642.0,2.5525233070694,-3.362825268107859,-2.5525233070694,3.362825268107859
644.0,2.7318688184536786,-3.2099350027749782,-2.7318688184536786,3.2099350027749782
646.0,2.902092172324651,-3.047496999738442,-2.902092172324651,3.047496999738442
648.0,3.062686150099012,-2.8760537306445064,-3.062686150099012,2.8760537306445064
650.0,3.213175702993854,-2.69617454728994,-3.213175702993854,2.69617454728994
652.0,3.353119372596292,-2.5084537782566203,-3.353119372596292,2.5084537782566203
654.0,3.4821105990259453,-2.3135087507059064,-3.4821105990259453,2.3135087507059064
656.0,3.599778912761191,-2.1119777439617735,-3.599778912761191,2.1119777439617735
658.0,3.7057910065906317,-1.9045178817171906,-3.7057910065906317,1.9045178817171906
660.0,3.7998516845524217,-1.691802969880699,-3.7998516845524217,1.691802969880699
662.0,3.8817046851347388,-1.4745212872391165,-3.8817046851347388,1.4745212872391165
664.0,3.951133376429185,-1.2533733362471815,-3.951133376429185,1.2533733362471815
666.0,4.0079613213540375,-1.0290695613654846,-4.0079613213540375,1.0290695613654846
668.0,4.052052711494508,-0.8023280424537803,-4.052052711494508,0.8023280424537803
670.0,4.083312668541107,-0.5738721707876131,-4.083312668541107,0.5738721707876131
672.0,4.101687412743391,-0.34442831530188794,-4.101687412743391,0.34442831530188794
674.0,4.107164298233367,-0.11472348667558116,-4.107164298233367,0.11472348667558116
676.0,4.099771715509108,0.11451699314280617,-4.099771715509108,-0.11451699314280617
678.0,4.079578861803393,0.3425718084090574,-4.079578861803393,-0.3425718084090574
680.0,4.046695380492802,0.568725946560775,-4.046695380492802,-0.568725946560775
682.0,4.001270871128421,0.7922729672921197,-4.001270871128421,-0.7922729672921197
684.0,3.943494272088598,1.0125172364324522,-3.943494272088598,-1.0125172364324522
686.0,3.8735931182658145,1.2287761174725806,-3.8735931182658145,-1.2287761174725806
688.0,3.791832676602142,1.440382113742559,-3.791832676602142,-1.440382113742559
690.0,3.6985149626798486,1.646684954427906,-3.6985149626798486,-1.646684954427906
692.0,3.593977641954046,1.8470536178160202,-3.593977641954046,-1.8470536178160202
694.0,3.4785928195817117,2.0408782853907512,-3.4785928195817117,-2.0408782853907512
696.0,3.352765723154703,2.227572220639699,-3.352765723154703,-2.227572220639699
698.0,3.2169332829824167,2.406573566705018,-3.2169332829824167,-2.406573566705018
700.0,3.0715626148914548,2.5773470572933332,-3.0715626148914548,-2.5773470572933332
702.0,2.917149410813904,2.7393856355629174,-2.917149410813904,-2.7393856355629174
704.0,2.754216242721963,2.892211976025096,-2.754216242721963,-2.892211976025096
706.0,2.583310785733119,3.0353799048317844,-2.583310785733119,-3.0353799048317844
708.0,2.405003966456935,3.1684757141694897,-2.405003966456935,-3.1684757141694897
710.0,2.2198880428801955,3.291119366842306,-2.2198880428801955,-3.291119366842306
712.0,2.028574622291365,3.402965587500156,-2.028574622291365,-3.402965587500156
714.0,1.8316926239274465,3.503704837352977,-1.8316926239274465,-3.503704837352977
716.0,1.6298861931856348,3.5930641696051695,-1.6298861931856348,-3.5930641696051695
718.0,1.4238125743783399,3.6708079632462725,-1.4238125743783399,-3.6708079632462725
720.0,1.2141399491227733,3.736738533241949,-1.2141399491227733,-3.736738533241949
722.0,1.0015452475450242,3.7906966155827426,-1.0015452475450242,-3.7906966155827426
724.0,0.7867119395431603,3.832561726065162,-0.7867119395431603,-3.832561726065162
726.0,0.5703278133943089,3.8622523920991707,-0.5703278133943089,-3.8622523920991707
728.0,0.35308274900673486,3.879726257256619,-0.35308274900673486,-3.879726257256619
730.0,0.1356664931097319,3.884980058695162,-0.1356664931097319,-3.884980058695162
732.0,-0.08123355635823298,3.8780494780104355,0.08123355635823298,-3.8780494780104355
734.0,-0.2969345494590817,3.859008866484136,0.2969345494590817,-3.859008866484136
736.0,-0.51076035993847,3.8279708461060062,0.51076035993847,-3.8279708461060062
738.0,-0.7220437303625087,3.785085788152055,0.7220437303625087,-3.785085788152055
740.0,-0.9301283798139435,3.730541171498351,0.9301283798139435,-3.730541171498351
742.0,-1.134371067402839,3.664560823238146,1.134371067402839,-3.664560823238146
744.0,-1.334143605017676,3.587404044548557,1.334143605017676,-3.587404044548557
746.0,-1.5288348129348894,3.4993646251204424,1.5288348129348894,-3.4993646251204424
748.0,-1.7178524121175511,3.4007697498201086,1.7178524121175511,-3.4007697498201086
750.0,-1.9006248472663096,3.2919788015930824,1.9006248472663096,-3.2919788015930824
752.0,-2.0766030349370643,3.173382064947151,2.0766030349370643,-3.173382064947151
754.0,-2.2452620313091836,3.0453993346632187,2.2452620313091836,-3.0453993346632187
756.0,-2.406102614474469,2.908478434677295,2.406102614474469,-2.908478434677295
758.0,-2.558652776419505,2.763093652354103,2.558652776419505,-2.763093652354103
760.0,-2.7024691201913664,2.609744093631548,2.7024691201913664,-2.609744093631548
762.0,-2.837138158067879,2.4489519647548628,2.837138158067879,-2.4489519647548628
764.0,-2.9622775068974794,2.2812607865387875,2.9622775068974794,-2.2812607865387875
766.0,-3.0775369771290735,2.1072335472951114,3.0775369771290735,-2.1072335472951114
768.0,-3.1825995524178468,1.9274508007406197,3.1825995524178468,-1.9274508007406197
770.0,-3.2771822570675377,1.742508715356458,3.2771822570675377,-1.742508715356458
772.0,-3.361036908951867,1.5530170818037214,3.361036908951867,-1.5530170818037214
774.0,-3.4339507559464333,1.3595972851112959,3.4339507559464333,-1.3595972851112959
776.0,-3.495746994295941,1.1628802484403462,3.495746994295941,-1.1628802484403462
778.0,-3.546285167738956,0.9635043552951734,3.546285167738956,-0.9635043552951734
780.0,-3.5854614466119554,0.7621133570922551,3.5854614466119554,-0.7621133570922551
782.0,-3.6132087865551044,0.559354273018172,3.6132087865551044,-0.559354273018172
784.0,-3.6294969668423382,0.35587528910274446,3.6294969668423382,-0.35587528910274446
786.0,-3.6343325087569074,0.15232366340624287,3.6343325087569074,-0.15232366340624287
788.0,-3.6277584748289176,-0.05065635583090023,3.6277584748289176,0.05065635583090023
790.0,-3.6098541501425183,-0.2524255923005234,3.6098541501425183,0.2524255923005234
792.0,-3.5807346073057427,-0.452351977321398,3.5807346073057427,0.452351977321398
794.0,-3.5405501570544153,-0.6498125525536493,3.5405501570544153,0.6498125525536493
796.0,-3.489485686831815,-0.844195433309016,3.489485686831815,0.844195433309016
798.0,-3.4277598900464925,-1.0349017261931728,3.4277598900464925,1.0349017261931728
800.0,-3.3556243890609005,-1.2213473949958733,3.3556243890609005,1.2213473949958733
802.0,-3.2733627553018985,-1.4029650689444746,3.2733627553018985,1.4029650689444746
804.0,-3.1812894302098127,-1.5792057876546914,3.1812894302098127,1.5792057876546914
806.0,-3.0797485510544664,-1.749540677348814,3.0797485510544664,1.749540677348814
808.0,-2.969112685943422,-1.9134625531651217,2.969112685943422,1.9134625531651217
810.0,-2.849781482628723,-2.070487442651934,2.849781482628723,2.070487442651934
812.0,-2.722180235982727,-2.220156025824666,2.722180235982727,2.220156025824666
814.0,-2.5867583792604503,-2.3620349874633755,2.5867583792604503,2.3620349874633755
816.0,-2.443987904494329,-2.4957182776405085,2.443987904494329,2.4957182776405085
818.0,-2.2943617175768667,-2.6208282767928197,2.2943617175768667,2.6208282767928197
820.0,-2.138391933776574,-2.7370168619864996,2.138391933776574,2.7370168619864996
822.0,-1.9766081196023775,-2.843966371369349,1.9766081196023775,2.843966371369349
824.0,-1.809555487080818,-2.94139046415703,1.809555487080818,2.94139046415703
826.0,-1.6377930466384458,-3.029034873860909,1.6377930466384458,3.029034873860909
828.0,-1.4618917248884975,-3.106678052831425,1.4618917248884975,3.106678052831425
830.0,-1.282432453705966,-3.174131706562038,1.282432453705966,3.174131706562038
832.0,-1.1000042370383771,-3.2312412165734052,1.1000042370383771,3.2312412165734052
834.0,-0.9152022019407742,-3.2778859510740945,0.9152022019407742,3.2778859510740945
836.0,-0.7286256403426634,-3.3139794629717234,0.7286256403426634,3.3139794629717234
838.0,-0.5408760480519192,-3.3394695751855323,0.5408760480519192,3.3394695751855323
840.0,-0.3525551674760654,-3.3543383535867752,0.3525551674760654,3.3543383535867752
842.0,-0.164263040495107,-3.358601968265813,0.164263040495107,3.358601968265813
844.0,0.02340392214756113,-3.3523104441929332,-0.02340392214756113,3.3523104441929332
846.0,0.2098548486583534,-3.3355473027027385,-0.2098548486583534,3.3355473027027385
848.0,0.39450628504235835,-3.3084290955879885,-0.39450628504235835,3.3084290955879885
850.0,0.5767840389489933,-3.2711048339370863,-0.5767840389489933,3.2711048339370863
852.0,0.7561249826247901,-3.2237553141886477,-0.7561249826247901,3.2237553141886477
854.0,0.9319788092519131,-3.1665923442057835,-0.9319788092519131,3.1665923442057835
856.0,1.1038097371376567,-3.099857872490767,-1.1038097371376567,3.099857872490767
858.0,1.2710981564244628,-3.0238230239665906,-1.2710981564244628,3.0238230239665906
860.0,1.4333422132111637,-2.938787046044612,-1.4333422132111637,2.938787046044612
862.0,1.5900593262133476,-2.8450761689760466,-1.5900593262133476,2.8450761689760466
864.0,1.7407876313430877,-2.7430423847487595,-1.7407876313430877,2.7430423847487595
866.0,1.8850873498548026,-2.633062149038557,-1.8850873498548026,2.633062149038557
868.0,2.022542075983802,-2.5155350109555554,-2.022542075983802,2.5155350109555554
870.0,2.152759980296006,-2.3908821755401837,-2.152759980296006,2.3908821755401837
872.0,2.2753749252704694,-2.2595450041595746,-2.2753749252704694,2.2595450041595746
874.0,2.3900474899494792,-2.1219834581327595,-2.3900474899494792,2.1219834581327595
876.0,2.496465900813097,-1.9786744910718475,-2.496465900813097,1.9786744910718475
878.0,2.5943468663648916,-1.830110395565649,-2.5943468663648916,1.830110395565649
880.0,2.6834363132521015,-1.676797109951789,-2.6834363132521015,1.676797109951789
882.0,2.7635100220854163,-1.5192524910227956,-2.7635100220854163,1.5192524910227956
884.0,2.834374161469708,-1.3580045585908231,-2.834374161469708,1.3580045585908231
886.0,2.8958657191062813,-1.193589717894384,-2.8958657191062813,1.193589717894384
888.0,2.9478528291782506,-1.0265509658685288,-2.9478528291782506,1.0265509658685288
890.0,2.9902349955822363,-0.8574360873177201,-2.9902349955822363,0.8574360873177201
892.0,3.022943210920785,-0.6867958470273599,-3.022943210920785,0.6867958470273599
894.0,3.0459399715190587,-0.5151821838269666,-3.0459399715190587,0.5151821838269666
896.0,3.0592191890757574,-0.34314641257429346,-3.0592191890757574,0.34314641257429346
898.0,3.062805999900427,-0.17123743996631835,-3.062805999900427,0.17123743996631835
900.0,3.056756473026196,-2.9947576243715865e-15,-3.056756473026196,2.9947576243715865e-15
902.0,3.0411572188175695,0.1700270851964901,-3.0411572188175695,-0.1700270851964901
904.0,3.016124900015908,0.3383126135623916,-3.016124900015908,-0.3383126135623916
906.0,2.9818056474797427,0.504334674872159,-2.9818056474797427,-0.504334674872159
908.0,2.9383743831819964,0.6675822807687668,-2.9383743831819964,-0.6675822807687668
910.0,2.8860340533205484,0.827556947932455,-2.8860340533205484,-0.827556947932455
912.0,2.8250147746814425,0.9837742294449945,-2.8250147746814425,-0.9837742294449945
914.0,2.7555728976644955,1.1357651896151497,-2.7555728976644955,-1.1357651896151497
916.0,2.6779899896383004,1.2830778177513682,-2.6779899896383004,-1.2830778177513682
918.0,2.592571742534731,1.425278376601984,-2.592571742534731,-1.425278376601984
920.0,2.4996468088214736,1.5619526814304923,-2.4996468088214736,-1.5619526814304923
922.0,2.399565570203919,1.6927073059528066,-2.399565570203919,-1.6927073059528066
924.0,2.2926988436045606,1.817170711633892,-2.2926988436045606,-1.817170711633892
926.0,2.1794365291480426,1.9349942971217677,-2.1794365291480426,-1.9349942971217677
928.0,2.060186205042885,2.0458533648865798,-2.060186205042885,-2.0458533648865798
930.0,1.9353716743960763,2.149448002430213,-1.9353716743960763,-2.149448002430213
932.0,1.805431469123869,2.245503875736627,-1.805431469123869,-2.245503875736627
934.0,1.670817316230907,2.3337729329437487,-1.670817316230907,-2.3337729329437487
936.0,1.531992571819942,2.4140340165331455,-1.531992571819942,-2.4140340165331455
938.0,1.3894306282657758,2.486093382652811,-1.3894306282657758,-2.486093382652811
940.0,1.2436133000394527,2.5497851265099998,-1.2436133000394527,-2.5497851265099998
942.0,1.0950291937021774,2.6049715130941604,-1.0950291937021774,-2.6049715130941604
944.0,0.9441720676028696,2.6515432128133614,-0.9441720676028696,-2.6515432128133614
946.0,0.7915391868088252,2.6894194419502213,-0.7915391868088252,-2.6894194419502213
948.0,0.6376296787757334,2.7185480081640305,-0.6376296787757334,-2.7185480081640305
950.0,0.4829428952215337,2.73890526158344,-0.4829428952215337,-2.73890526158344
952.0,0.327976785608547,2.750495952347753,-0.327976785608547,-2.750495952347753
954.0,0.17322628756028777,2.7533529957633487,-0.17322628756028777,-2.7533529957633487
956.0,0.01918173944379977,2.747537146544178,-0.01918173944379977,-2.747537146544178
958.0,-0.13367267976435332,2.7331365839005106,0.13367267976435332,-2.7331365839005106
960.0,-0.2848604783396171,2.710266409527261,0.2848604783396171,-2.710266409527261
962.0,-0.43391434255503614,2.6790680608213338,0.43391434255503614,-2.6790680608213338
964.0,-0.5803775856282525,2.6397086419256333,0.5803775856282525,-2.6397086419256333
966.0,-0.7238055503628469,2.5923801754547675,0.7238055503628469,-2.5923801754547675
968.0,-0.8637669611666164,2.53729877800329,0.8637669611666164,-2.53729877800329
970.0,-0.9998452213323589,2.474703762770816,0.9998452213323589,-2.474703762770816
972.0,-1.1316396516822367,2.40485667285868,1.1316396516822367,-2.40485667285868
974.0,-1.2587666669039952,2.328040248999517,1.2587666669039952,-2.328040248999517
976.0,-1.3808608861453244,2.244557335673382,1.3808608861453244,-2.244557335673382
978.0,-1.4975761746806147,2.1547297297414754,1.4975761746806147,-2.1547297297414754
980.0,-1.6085866137213425,2.058896975890439,1.6085866137213425,-2.058896975890439
982.0,-1.7135873957061887,1.9574151133264377,1.7135873957061887,-1.9574151133264377
984.0,-1.8122956426793317,1.85065537828793,1.8122956426793317,-1.85065537828793
986.0,-1.9044511456432573,1.7390028670594961,1.9044511456432573,-1.7390028670594961
988.0,-1.9898170230558407,1.6228551642654616,1.9898170230558407,-1.6228551642654616
990.0,-2.0681802969287304,1.5026209413014813,2.0681802969287304,-1.5026209413014813
992.0,-2.1393523852744214,1.3787185298244724,2.1393523852744214,-1.3787185298244724
994.0,-2.2031695099417954,1.2515744752662021,2.2031695099417954,-1.2515744752662021
996.0,-2.2594930191732803,1.1216220753634805,2.2594930191732803,-1.1216220753634805
998.0,-2.308209624510151,0.9892999087082643,2.308209624510151,-0.9892999087082643
1000.0,-2.3492315519647704,0.8550503583141734,2.3492315519647704,-0.8550503583141734
1002.0,-2.3824966076688963,0.7193181351720914,2.3824966076688963,-0.7193181351720914
1004.0,-2.40796815849437,0.5825488067269042,2.40796815849437,-0.5825488067269042
1006.0,-2.4256350284258086,0.44518733515027303,2.4256350284258086,-0.44518733515027303
1008.0,-2.4355113117431753,0.30767663021098185,2.4355113117431753,-0.30767663021098185
1010.0,-2.437636104344593,0.1704561214552164,2.437636104344593,-0.1704561214552164
1012.0,-2.432073154805395,0.03396035430456768,2.432073154805395,-0.03396035430456768
1014.0,-2.4189104370274905,-0.1013823854399236,2.4189104370274905,0.1013823854399236
1016.0,-2.3982596465826793,-0.23515141433320977,2.3982596465826793,0.23515141433320977
1018.0,-2.370255623093909,-0.36693495705433454,2.370255623093909,0.36693495705433454
1020.0,-2.3350557012287596,-0.49633141116116775,2.3350557012287596,0.49633141116116775
1022.0,-2.2928389930990494,-0.622950566959077,2.2928389930990494,0.622950566959077
1024.0,-2.24380560506863,-0.7464147787959647,2.24380560506863,0.7464147787959647
1026.0,-2.1881757921676,-0.8663600842922952,2.1881757921676,0.8663600842922952
1028.0,-2.1261890534947163,-0.9824372682212289,2.1261890534947163,0.9824372682212289
1030.0,-2.0581031721601812,-1.0943128679699776,2.0581031721601812,1.0943128679699776
1032.0,-1.98419320347777,-1.2016701177381495,1.98419320347777,1.2016701177381495
1034.0,-1.9047504152580035,-1.304209828861346,1.9047504152580035,1.304209828861346
1036.0,-1.8200811841823445,-1.40165120388769,1.8200811841823445,1.40165120388769
1038.0,-1.7305058523519765,-1.4937325822804648,1.7305058523519765,1.4937325822804648
1040.0,-1.6363575482032315,-1.5802121158706892,1.6363575482032315,1.5802121158706892
1042.0,-1.5379809760650347,-1.6608683724383309,1.5379809760650347,1.6608683724383309
1044.0,-1.4357311787016214,-1.7355008660590951,1.4357311787016214,1.7355008660590951
1046.0,-1.3299722772362017,-1.8039305131143157,1.3299722772362017,1.8039305131143157
1048.0,-1.2210761928880896,-1.8660000131235783,1.2210761928880896,1.8660000131235783
1050.0,-1.1094213549771417,-1.9215741538223217,1.1094213549771417,1.9215741538223217
1052.0,-0.9953913996551829,-1.970540040168956,0.9953913996551829,1.970540040168956
1054.0,-0.8793738638145997,-2.012807247227016,0.8793738638145997,2.012807247227016
1056.0,-0.7617588785995417,-2.048307897126694,0.7617588785995417,2.048307897126694
1058.0,-0.6429378669055169,-2.0769966605658996,0.6429378669055169,2.0769966605658996
1060.0,-0.5233022491987609,-2.0988506835628282,0.5233022491987609,2.0988506835628282
1062.0,-0.4032421619180057,-2.1138694404191702,0.4032421619180057,2.1138694404191702
1064.0,-0.2831451926384915,-2.122074514094631,0.2831451926384915,2.122074514094631
1066.0,-0.16339513608168435,-2.1235093054286205,0.16339513608168435,2.1235093054286205
1068.0,-0.04437077494464779,-2.118238672873067,0.04437077494464779,2.118238672873067
1070.0,0.0735553105991455,-2.106348504620537,-0.0735553105991455,2.106348504620537
1072.0,0.19001790101002752,-2.087945225223526,-0.19001790101002752,2.087945225223526
1074.0,0.30466025953167086,-2.0631552390033017,-0.30466025953167086,2.0631552390033017
1076.0,0.41713521496477757,-2.0321243127393505,-0.41713521496477757,2.0321243127393505
1078.0,0.5271062018169625,-1.9950169003127596,-0.5271062018169625,1.9950169003127596
1080.0,0.6342482547571459,-1.9520154121482118,-0.6342482547571459,1.9520154121482118
1082.0,0.7382489544883443,-1.9033194324592078,-0.7382489544883443,1.9033194324592078
1084.0,0.8388093223462617,-1.8491448874491423,-0.8388093223462617,1.8491448874491423
1086.0,0.9356446611320621,-1.789723167756644,-0.9356446611320621,1.789723167756644
1088.0,1.0284853398952918,-1.7253002085566878,-1.0284853398952918,1.7253002085566878
1090.0,1.117077520596378,-1.6561355308391799,-1.117077520596378,1.6561355308391799
1092.0,1.2011838247965958,-1.582501247483659,-1.2011838247965958,1.582501247483659
1094.0,1.2805839387461253,-1.5046810378323219,-1.2805839387461253,1.5046810378323219
1096.0,1.355075155466956,-1.4229690945335305,-1.355075155466956,1.4229690945335305
1098.0,1.4244728526561155,-1.3376690464842445,-1.4244728526561155,1.3376690464842445
1100.0,1.488610905465206,-1.2490928617423318,-1.488610905465206,1.2490928617423318
1102.0,1.5473420334436894,-1.157559734308458,-1.5473420334436894,1.157559734308458
1104.0,1.6005380811649272,-1.063394958692268,-1.6005380811649272,1.063394958692268
1106.0,1.648090232284909,-0.9669287961789425,-1.648090232284909,0.9669287961789425
1108.0,1.6899091570130227,-0.8684953367000446,-1.6899091570130227,0.8684953367000446
1110.0,1.725925093201396,-0.7684313601870705,-1.725925093201396,0.7684313601870705
1112.0,1.7560878614834774,-0.667075201247497,-1.7560878614834774,0.667075201247497
1114.0,1.7803668151128647,-0.5647656209516414,-1.7803668151128647,0.5647656209516414
1116.0,1.7987507253692518,-0.46184068945461726,-1.7987507253692518,0.46184068945461726
1118.0,1.8112476036089562,-0.3586366831014626,-1.8112476036089562,0.3586366831014626
1120.0,1.8178844612421938,-0.2554869995754844,-1.8178844612421938,0.2554869995754844
1122.0,1.8187070091174318,-0.15272109455047,-1.8187070091174318,0.15272109455047
1124.0,1.8137792979840819,-0.050663443197105404,-1.8137792979840819,0.050663443197105404
1126.0,1.8031833018879786,0.05036747022678607,-1.8031833018879786,-0.05036747022678607
1128.0,1.7870184465289247,0.15006013160317663,-1.7870184465289247,-0.15006013160317663
1130.0,1.7654010847755484,0.24811094203886425,-1.7654010847755484,-0.24811094203886425
1132.0,1.7384639216893212,0.3442251259981955,-1.7384639216893212,-0.3442251259981955
1134.0,1.7063553915564071,0.4381175998298721,-1.7063553915564071,-0.4381175998298721
1136.0,1.6692389895625956,0.5295137981985191,-1.6692389895625956,-0.5295137981985191
1138.0,1.627292560872582,0.6181504561028193,-1.627292560872582,-0.6181504561028193
1140.0,1.5807075499899537,0.7037763443393065,-1.5807075499899537,-0.7037763443393065
1142.0,1.5296882133781424,0.7861529564536857,-1.5296882133781424,-0.7861529564536857
1144.0,1.4744507984150252,0.865055145409091,-1.4744507984150252,-0.865055145409091
1146.0,1.4152226918347002,0.9402717083923208,-1.4152226918347002,-0.9402717083923208
1148.0,1.3522415408789135,1.0116059183741053,-1.3522415408789135,-1.0116059183741053
1150.0,1.2857543504377933,1.0788760012369312,-1.2857543504377933,-1.0788760012369312
1152.0,1.2160165595044448,1.1419155574838133,-1.2160165595044448,-1.1419155574838133
1154.0,1.14329110030137,1.2005739277416392,-1.14329110030137,-1.2005739277416392
1156.0,1.0678474434573284,1.2547165014744956,-1.0678474434573284,-1.2547165014744956
1158.0,0.9899606326228938,1.3042249685227978,-0.9899606326228938,-1.3042249685227978
1160.0,0.9099103119097276,1.348997513284621,-0.9099103119097276,-1.348997513284621
1162.0,0.8279797495247553,1.3889489515535538,-0.8279797495247553,-1.3889489515535538
1164.0,0.744454860943935,1.4240108102239861,-0.744454860943935,-1.4240108102239861
1166.0,0.6596232349336885,1.4541313502674411,-0.6596232349336885,-1.4541313502674411
1168.0,0.573773165679194,1.4792755335735355,-0.573773165679194,-1.4792755335735355
1170.0,0.4871926942203618,1.4994249344340582,-0.4871926942203618,-1.4994249344340582
1172.0,0.40016866232625564,1.514577596629489,-0.40016866232625564,-1.514577596629489
1174.0,0.3129857818598848,1.524747837252015,-0.3129857818598848,-1.524747837252015
1176.0,0.22592572259549143,1.5299659985684577,-0.22592572259549143,-1.5299659985684577
1178.0,0.13926622135274958,1.5302781493889006,-0.13926622135274958,-1.5302781493889006
1180.0,0.05328021520443461,1.525745737562557,-0.05328021520443461,-1.525745737562557
1182.0,-0.031764998600660926,1.5164451953704638,0.031764998600660926,-1.5164451953704638
1184.0,-0.11560857348177267,1.5024674997248981,0.11560857348177267,-1.5024674997248981
1186.0,-0.19799689274924956,1.4839176892173331,0.19799689274924956,-1.4839176892173331
1188.0,-0.2786843149567579,1.460914340180066,0.2786843149567579,-1.460914340180066
1190.0,-0.35743388327547765,1.4335890040409653,0.35743388327547765,-1.4335890040409653
1192.0,-0.43401799693293047,1.4020856083557696,0.43401799693293047,-1.4020856083557696
1194.0,-0.5082190429124941,1.3665598239979013,0.5082190429124941,-1.3665598239979013
1196.0,-0.5798299862688235,1.3271784010713714,0.5798299862688235,-1.3271784010713714
1198.0,-0.6486549175760408,1.2841184761882256,0.6486549175760408,-1.2841184761882256
1200.0,-0.7145095561916688,1.2375668538174502,0.7145095561916688,-1.2375668538174502
1202.0,-0.7772217081867037,1.1877192644679082,0.7772217081867037,-1.1877192644679082
1204.0,-0.8366316779627878,1.1347796025127608,0.8366316779627878,-1.1347796025127608
1206.0,-0.892592632748162,1.0789591464979515,0.892592632748162,-1.0789591464979515
1208.0,-0.9449709193366114,1.020475764801508,0.9449709193366114,-1.020475764801508
1210.0,-0.993646332605156,0.9595531095250152,0.993646332605156,-0.9595531095250152
1212.0,-1.0385123355182788,0.8964198015022515,1.0385123355182788,-0.8964198015022515
1214.0,-1.0794762304964705,0.8313086093042843,1.0794762304964705,-0.8313086093042843
1216.0,-1.1164592821958514,0.7644556251040837,1.1164592821958514,-0.7644556251040837
1218.0,-1.149396791912025,0.696099440237925,1.149396791912025,-0.696099440237925
1220.0,-1.1782381239846946,0.6264803232657934,1.1782381239846946,-0.6264803232657934
1222.0,-1.202946684740107,0.555839403287939,1.202946684740107,-0.555839403287939
1224.0,-1.2234998546643188,0.48441786122154906,1.2234998546643188,-0.48441786122154906
1226.0,-1.2398888746525045,0.41245613167858025,1.2398888746525045,-0.41245613167858025
1228.0,-1.2521186873262118,0.3401931180155181,1.2521186873262118,-0.3401931180155181
1230.0,-1.2602077345523897,0.2678654230464226,1.2602077345523897,-0.2678654230464226
1232.0,-1.2641877124336556,0.19570659782465571,1.2641877124336556,-0.19570659782465571
1234.0,-1.2641032851691403,0.12394641080432695,1.2641032851691403,-0.12394641080432695
1236.0,-1.2600117593082354,0.05281013959243976,1.2600117593082354,-0.05281013959243976
1238.0,-1.251982720035877,-0.01748211260488183,1.251982720035877,0.01748211260488183
1240.0,-1.2400976312369048,-0.08671607385109309,1.2400976312369048,0.08671607385109309
1242.0,-1.224449401188539,-0.15468393179085932,1.224449401188539,0.15468393179085932
1244.0,-1.2051419158236527,-0.2211849316554464,1.2051419158236527,0.2211849316554464
1246.0,-1.1822895415931547,-0.2860259423411327,1.1822895415931547,0.2860259423411327
1248.0,-1.1560166000332803,-0.3490219890711702,1.1560166000332803,0.3490219890711702
1250.0,-1.1264568162125532,-0.4099967512876458,1.1264568162125532,0.4099967512876458
1252.0,-1.093752743293833,-0.4687830245572382,1.093752743293833,0.4687830245572382
1254.0,-1.058055165498647,-0.525223145415983,1.058055165498647,0.525223145415983
1256.0,-1.019522481804394,-0.579169378220078,1.019522481804394,0.579169378220078
1258.0,-0.978320072739347,-0.6304842632140512,0.978320072739347,0.6304842632140512
1260.0,-0.9346196526663613,-0.6790409251717084,0.9346196526663613,0.6790409251717084
1262.0,-0.8885986099630485,-0.7247233421106268,0.8885986099630485,0.7247233421106268
1264.0,-0.8404393375148661,-0.7674265737251433,0.8404393375148661,0.7674265737251433
1266.0,-0.790328555937158,-0.8070569493271331,0.790328555937158,0.8070569493271331
1268.0,-0.7384566319339263,-0.8435322152261198,0.7384566319339263,0.8435322152261198
1270.0,-0.685016894183903,-0.8767816416215829,0.685016894183903,0.8767816416215829
1272.0,-0.6302049491198545,-0.9067460892187058,0.6302049491198545,0.9067460892187058
1274.0,-0.5742179989337546,-0.9333780359152121,0.5742179989337546,0.9333780359152121
1276.0,-0.5172541641002236,-0.9566415640395785,0.5172541641002236,0.9566415640395785
1278.0,-0.4595118126621597,-0.9765123087506443,0.4595118126621597,0.9765123087506443
1280.0,-0.4011888984676396,-0.9929773683338182,0.4011888984676396,0.9929773683338182
1282.0,-0.3424823104846172,-1.0060351772504923,0.3424823104846172,1.0060351772504923
1284.0,-0.2835872352516688,-1.015695342913459,0.2835872352516688,1.015695342913459
1286.0,-0.224696534447664,-1.0219784472727218,0.224696534447664,1.0219784472727218
1288.0,-0.16600013948287445,-1.0249158144018968,0.16600013948287445,1.0249158144018968
1290.0,-0.10768446492725417,-1.0245492453758787,0.10768446492725417,1.0245492453758787
1292.0,-0.04993184250064082,-1.0209307218246977,0.04993184250064082,1.0209307218246977
1294.0,0.00708002274701775,-1.014122079636726,-0.00708002274701775,1.014122079636726
1296.0,0.06317857253733587,-1.0041946543660818,-0.06317857253733587,1.0041946543660818
1298.0,0.1181968903238517,-0.9912288999741949,-0.1181968903238517,0.9912288999741949
1300.0,0.17197416979527938,-0.9753139826038161,-0.17197416979527938,0.9753139826038161
1302.0,0.22435615571723164,-0.9565473511450651,-0.22435615571723164,0.9565473511450651
1304.0,0.27519555602106155,-0.9350342864074729,-0.27519555602106155,0.9350342864074729
1306.0,0.3243524241646012,-0.9108874307590263,-0.3243524241646012,0.9108874307590263
1308.0,0.37169451090659844,-0.884226300133232,-0.37169451090659844,0.884226300133232
1310.0,0.41709758475558767,-0.8551767803378338,-0.41709758475558767,0.8551767803378338
1312.0,0.46044572047345106,-0.8238706096241926,-0.46044572047345106,0.8238706096241926
1314.0,0.5016315551336408,-0.7904448494945859,-0.5016315551336408,0.7904448494945859
1316.0,0.5405565113542901,-0.7550413457354875,-0.5405565113542901,0.7550413457354875
1318.0,0.5771309874455005,-0.7178061816688487,-0.5771309874455005,0.7178061816688487
1320.0,0.6112745143290533,-0.678889125609982,-0.6112745143290533,0.678889125609982
1322.0,0.6429158792057189,-0.6384430745106656,-0.6429158792057189,0.6384430745106656
1324.0,0.6719932160613001,-0.5966234957488882,-0.6719932160613001,0.5966234957488882
1326.0,0.6984540632157652,-0.5535878690033013,-0.6984540632157652,0.5535878690033013
1328.0,0.7222553882312461,-0.509495130120121,-0.7222553882312461,0.509495130120121
1330.0,0.7433635806026918,-0.46450511884420354,-0.7433635806026918,0.46450511884420354
1332.0,0.7617544127604159,-0.4187780322434088,-0.7617544127604159,0.4187780322434088
1334.0,0.7774129700152145,-0.372473885607564,-0.7774129700152145,0.372473885607564
1336.0,0.7903335501748936,-0.3257519825493983,-0.7903335501748936,0.3257519825493983
1338.0,0.8005195336546842,-0.2787703959762879,-0.8005195336546842,0.2787703959762879
1340.0,0.8079832249937208,-0.23168546153746866,-0.8079832249937208,0.23168546153746866
1342.0,0.8127456667745137,-0.18465128508325354,-0.8127456667745137,0.18465128508325354
1344.0,0.8148364270225793,-0.1378192655996079,-0.8148364270225793,0.1378192655996079
1346.0,0.8142933612383194,-0.09133763500496736,-0.8142933612383194,0.09133763500496736
1348.0,0.8111623502831798,-0.045351016115307924,-0.8111623502831798,0.045351016115307924
1350.0,0.8054970154064542,-1.1837392099683124e-15,-0.8054970154064542,1.1837392099683124e-15
1352.0,0.797358411758064,0.044579256136203865,-0.797358411758064,-0.044579256136203865
1354.0,0.7868147017858258,0.08825540949881465,-0.7868147017858258,-0.08825540949881465
1356.0,0.7739408099631919,0.1309022897226707,-0.7739408099631919,-0.1309022897226707
1358.0,0.7588180603350791,0.1723992335035432,-0.7588180603350791,-0.1723992335035432
1360.0,0.7415337984050857,0.21263139507686238,-0.7415337984050857,-0.21263139507686238
1362.0,0.7221809989172113,0.2514900318741551,-0.7221809989172113,-0.2514900318741551
1364.0,0.7008578611089795,0.2888727647852753,-0.7008578611089795,-0.2888727647852753
1366.0,0.6776673930308214,0.3246838125517721,-0.6776673930308214,-0.3246838125517721
1368.0,0.6527169865384681,0.3588341999147709,-0.6527169865384681,-0.3588341999147709
1370.0,0.626117984571348,0.3912419392378719,-0.626117984571348,-0.3912419392378719
1372.0,0.5979852423301876,0.42183218542273665,-0.5979852423301876,-0.42183218542273665
1374.0,0.5684366839618202,0.45053736403064637,-0.5684366839618202,-0.45053736403064637
1376.0,0.5375928563481039,0.47729727261827,-0.5375928563481039,-0.47729727261827
1378.0,0.505576481579657,0.5020591553886884,-0.505576481579657,-0.5020591553886884
1380.0,0.472512009673216,0.5247777513501697,-0.472512009673216,-0.5247777513501697
1382.0,0.43852517306481564,0.5454153162639692,-0.43852517306481564,-0.5454153162639692
1384.0,0.40374254437896484,0.5639416187492137,-0.40374254437896484,-0.5639416187492137
1386.0,0.3682910989376632,0.5803339109965256,-0.3682910989376632,-0.5803339109965256
1388.0,0.33229778343174543,0.5945768746230927,-0.33229778343174543,-0.5945768746230927
1390.0,0.295889092131826,0.6066625422792933,-0.295889092131826,-0.6066625422792933
1392.0,0.2591906519663104,0.6165901956913323,-0.2591906519663104,-0.6165901956913323
1394.0,0.22232681774077928,0.624366240894674,-0.22232681774077928,-0.624366240894674
1396.0,0.18542027871576544,0.6300040614798454,-0.18542027871576544,-0.6300040614798454
1398.0,0.14859167769986695,0.6335238507346869,-0.14859167769986695,-0.6335238507346869
1400.0,0.11195924375143725,0.6349524236256621,-0.11195924375143725,-0.6349524236256621
1402.0,0.07563843951613598,0.6343230096148912,-0.07563843951613598,-0.6343230096148912
1404.0,0.03974162415875046,0.6316750273592702,-0.03974162415875046,-0.6316750273592702
1406.0,0.004377732776773324,0.6270538423831906,-0.004377732776773324,-0.6270538423831906
1408.0,-0.030348026889477693,0.6205105088568287,0.030348026889477693,-0.6205105088568287
1410.0,-0.06433445971014469,0.6121014966478108,0.06433445971014469,-0.6121014966478108
1412.0,-0.0974846497180047,0.6018884048451172,0.0974846497180047,-0.6018884048451172
1414.0,-0.12970620737216487,0.5899376629803387,0.12970620737216487,-0.5899376629803387
1416.0,-0.16091149702323626,0.5763202211929392,0.16091149702323626,-0.5763202211929392
1418.0,-0.19101784414828926,0.5611112306028426,0.19101784414828926,-0.5611112306028426
1420.0,-0.21994772200185478,0.5443897151656566,0.21994772200185478,-0.5443897151656566
1422.0,-0.24762891740762716,0.5262382362930167,0.24762891740762716,-0.5262382362930167
1424.0,-0.2739946754929924,0.5067425515231759,0.2739946754929924,-0.5067425515231759
1426.0,-0.29898382324582407,0.48599126852483143,0.29898382324582407,-0.48599126852483143
1428.0,-0.32254087184888397,0.46407549571075746,0.32254087184888397,-0.46407549571075746
1430.0,-0.3446160978223461,0.441088490726742,0.3446160978223461,-0.441088490726742
1432.0,-0.3651656030782568,0.4171253080662247,0.3651656030782568,-0.4171253080662247
1434.0,-0.38415135406280565,0.392282447041512,0.38415135406280565,-0.392282447041512
1436.0,-0.40154120023200834,0.36665750131916314,0.40154120023200834,-0.36665750131916314
1438.0,-0.4173088721744353,0.34034881119974625,0.4173088721744353,-0.34034881119974625
1440.0,-0.43143395975991844,0.31345511979133533,0.43143395975991844,-0.31345511979133533
1442.0,-0.44390187075633664,0.28607523419149117,0.44390187075633664,-0.28607523419149117
1444.0,-0.45470377041668003,0.2583076927548146,0.45470377041668003,-0.2583076927548146
1446.0,-0.4638365025961717,0.2302504394820415,0.4638365025961717,-0.2302504394820415
1448.0,-0.47130249301345406,0.20200050652294543,0.47130249301345406,-0.20200050652294543
1450.0,-0.47710963532121003,0.1736537057385219,0.47710963532121003,-0.1736537057385219
1452.0,-0.4812711606993974,0.14530433021901284,0.4812711606993974,-0.14530433021901284
1454.0,-0.48380549172889553,0.11704486660272687,0.48380549172889553,-0.11704486660272687
1456.0,-0.48473608134430496,0.08896571898737246,0.48473608134430496,-0.08896571898737246
1458.0,-0.4840912377021411,0.061154945170117374,0.4840912377021411,-0.061154945170117374
1460.0,-0.48190393583437285,0.033698005895928085,0.48190393583437285,-0.033698005895928085
1462.0,-0.47821161698738457,0.006677527735282171,0.47821161698738457,-0.006677527735282171
1464.0,-0.473055976572701,-0.01982691984680846,0.473055976572701,0.01982691984680846
1466.0,-0.46648274167836956,-0.04573903272900844,0.46648274167836956,0.04573903272900844
1468.0,-0.45854143910864836,-0.07098596523835685,0.45854143910864836,0.07098596523835685
1470.0,-0.44928515493457877,-0.0954985077422787,0.44928515493457877,0.0954985077422787
1472.0,-0.43877028654923267,-0.11921124841007658,0.43877028654923267,0.11921124841007658
1474.0,-0.42705628822885233,-0.14206271888781474,0.42705628822885233,0.14206271888781474
1476.0,-0.41420541120485543,-0.16399552369157966,0.41420541120485543,0.16399552369157966
1478.0,-0.4002824392517702,-0.1849564531851351,0.4002824392517702,0.1849564531851351
1480.0,-0.38535442079271875,-0.2048965800679348,0.38535442079271875,0.2048965800679348
1482.0,-0.3694903985170412,-0.22377133935892257,0.3694903985170412,0.22377133935892257
1484.0,-0.3527611374943713,-0.24154059191957125,0.3527611374943713,0.24154059191957125
1486.0,-0.33523885275567744,-0.25816867161671103,0.33523885275567744,0.25816867161671103
1488.0,-0.3169969372950416,-0.27362441628103273,0.3169969372950416,0.27362441628103273
1490.0,-0.2981096914258845,-0.28788118267117546,0.2981096914258845,0.28788118267117546
1492.0,-0.27865205440257373,-0.3009168457052679,0.27865205440257373,0.3009168457052679
1494.0,-0.2586993391925968,-0.3127137822720299,0.2586993391925968,0.3127137822720299
1496.0,-0.2383269712561462,-0.32325883998161414,0.2383269712561462,0.32325883998161414
1498.0,-0.2176102321591989,-0.33254329126217064,0.2176102321591989,0.33254329126217064
1500.0,-0.19662400881285627,-0.34056277325173834,0.19662400881285627,0.34056277325173834
1502.0,-0.17544254909649906,-0.34731721397604676,0.17544254909649906,0.34731721397604676
1504.0,-0.154139224584791,-0.35281074534144996,0.154139224584791,0.35281074534144996
1506.0,-0.13278630105950204,-0.35705160350799353,0.13278630105950204,0.35705160350799353
1508.0,-0.11145471744611461,-0.3600520172409045,0.11145471744611461,0.3600520172409045
1510.0,-0.09021387377298136,-0.36182808486907925,0.09021387377298136,0.36182808486907925
1512.0,-0.06913142870700964,-0.3623996405067844,0.06913142870700964,0.3623996405067844
1514.0,-0.048273107175257006,-0.36179011021938345,0.048273107175257006,0.36179011021938345
1516.0,-0.027702518535975777,-0.3600263588357031,0.027702518535975777,0.3600263588357031
1518.0,-0.007480985716382441,-0.3571385281284283,0.007480985716382441,0.3571385281284283
1520.0,0.012332614312729187,-0.3531598670998079,-0.012332614312729187,0.3531598670998079
1522.0,0.031681998402622605,-0.34812655512285007,-0.031681998402622605,0.34812655512285007
1524.0,0.05051361315733406,-0.34207751869818054,-0.05051361315733406,0.34207751869818054
1526.0,0.0687767587017466,-0.33505424259380434,-0.0687767587017466,0.33505424259380434
1528.0,0.08642370010692103,-0.32710057613918697,-0.08642370010692103,0.32710057613918697
1530.0,0.1034097663395731,-0.31826253544644567,-0.1034097663395731,0.31826253544644567
1532.0,0.11969343664940908,-0.30858810232997114,-0.11969343664940908,0.30858810232997114
1534.0,0.13523641435391417,-0.2981270206916758,-0.13523641435391417,0.2981270206916758
1536.0,0.150003688025575,-0.28693059113219993,-0.150003688025575,0.28693059113219993
1538.0,0.16396358013067647,-0.2750514645390646,-0.16396358013067647,0.2750514645390646
1540.0,0.17708778321217436,-0.2625434353908141,-0.17708778321217436,0.2625434353908141
1542.0,0.1893513837510161,-0.24946123550196975,-0.1893513837510161,0.24946123550196975
1544.0,0.20073287388107428,-0.23586032891696018,-0.20073287388107428,0.23586032891696018
1546.0,0.21121415117193798,-0.2217967086425046,-0.21121415117193798,0.2217967086425046
1548.0,0.220780506731548,-0.20732669588698213,-0.220780506731548,0.20732669588698213
1550.0,0.229420601916498,-0.1925067424526034,-0.229420601916498,0.1925067424526034
1552.0,0.23712643397210614,-0.17739323690145892,-0.23712643397210614,0.17739323690145892
1554.0,0.24389329095656714,-0.1620423150902556,-0.24389329095656714,0.1620423150902556
1556.0,0.24971969633396446,-0.146509675640519,-0.24971969633396446,0.146509675640519
1558.0,0.25460734364918647,-0.13085040088175606,-0.25460734364918647,0.13085040088175606
1560.0,0.2585610217241675,-0.11511878377428203,-0.2585610217241675,0.11511878377428203
1562.0,0.2615885308389538,-0.09936816128665796,-0.2615885308389538,0.09936816128665796
1564.0,0.26370059038316523,-0.08365075466968866,-0.26370059038316523,0.08365075466968866
1566.0,0.264910738483148,-0.06801751703525986,-0.264910738483148,0.06801751703525986
1568.0,0.2652352241277368,-0.05251798861365389,-0.2652352241277368,0.05251798861365389
1570.0,0.2646928923308143,-0.037200160027962906,-0.2646928923308143,0.037200160027962906
1572.0,0.26330506288196426,-0.022110343888500392,-0.26330506288196426,0.022110343888500392
1574.0,0.26109540324728664,-0.007293054974299612,-0.26109540324728664,0.007293054974299612
1576.0,0.25808979619104616,0.007209100767448655,-0.25808979619104616,-0.007209100767448655
1578.0,0.2543162026951385,0.02135552820922416,-0.2543162026951385,-0.02135552820922416
1580.0,0.24980452075749685,0.035107735859690445,-0.24980452075749685,-0.035107735859690445
1582.0,0.24458644065253834,0.04842941938608489,-0.24458644065253834,-0.04842941938608489
1584.0,0.2386952972365502,0.06128653575534854,-0.2386952972365502,-0.06128653575534854
1586.0,0.23216591987867952,0.07364736794185842,-0.23216591987867952,-0.07364736794185842
1588.0,0.22503448059389003,0.08548258018421831,-0.22503448059389003,-0.08548258018421831
1590.0,0.21733834094796414,0.09676526380740062,-0.21733834094796414,-0.09676526380740062
1592.0,0.20911589829648583,0.10747097365952549,-0.20911589829648583,-0.10747097365952549
1594.0,0.20040643190967627,0.1175777552448001,-0.20040643190967627,-0.1175777552448001
1596.0,0.19124994952322916,0.12706616266520096,-0.19124994952322916,-0.12706616266520096
1598.0,0.1816870348417726,0.13591926751364103,-0.1816870348417726,-0.13591926751364103
1600.0,0.17175869650658923,0.14412265889016865,-0.17175869650658923,-0.14412265889016865
1602.0,0.16150621902260648,0.15166443474047792,-0.16150621902260648,-0.15166443474047792
1604.0,0.1509710161217469,0.1585351847422359,-0.1509710161217469,-0.1585351847422359
1606.0,0.14019448702038498,0.16472796498974634,-0.14019448702038498,-0.16472796498974634
1608.0,0.12921787600820037,0.17023826475085263,-0.12921787600820037,-0.17023826475085263
1610.0,0.11808213578403705,0.1750639655920354,-0.11808213578403705,-0.1750639655920354
1612.0,0.10682779493179985,0.17920529318798883,-0.10682779493179985,-0.17920529318798883
1614.0,0.09549482990580996,0.1826647621508581,-0.09549482990580996,-0.1826647621508581
1616.0,0.08412254187076174,0.18544711423144034,-0.08412254187076174,-0.18544711423144034
1618.0,0.07274943871630989,0.18755925026025794,-0.07274943871630989,-0.18755925026025794
1620.0,0.06141312254076096,0.18901015621022532,-0.06141312254076096,-0.18901015621022532
1622.0,0.05015018287214918,0.18981082377485636,-0.05015018287214918,-0.18981082377485636
1624.0,0.038996095868572965,0.18997416586641303,-0.038996095868572965,-0.18997416586641303
1626.0,0.02798512971282181,0.18951492744721904,-0.02798512971282181,-0.18951492744721904
1628.0,0.01715025638948568,0.1884495921144558,-0.01715025638948568,-0.1884495921144558
1630.0,0.006523070005657037,0.18679628486419628,-0.006523070005657037,-0.18679628486419628
1632.0,-0.0038662882105315126,0.18457467146421114,0.0038662882105315126,-0.18457467146421114
1634.0,-0.013989198126203865,0.1818058548672233,0.013989198126203865,-0.1818058548672233
1636.0,-0.02381862205405186,0.17851226909682774,0.02381862205405186,-0.17851226909682774
1638.0,-0.03332915918220508,0.1747175710372606,0.03332915918220508,-0.1747175710372606
1640.0,-0.04249709305498868,0.1704465305556479,0.04249709305498868,-0.1704465305556479
1642.0,-0.0513004321013589,0.1657249193813105,0.0513004321013589,-0.1657249193813105
1644.0,-0.05971894323252572,0.16057939916122502,0.05971894323252572,-0.16057939916122502
1646.0,-0.06773417855450393,0.15503740910386743,0.06773417855450393,-0.15503740910386743
1648.0,-0.07532949526467936,0.1491270536154821,0.07532949526467936,-0.1491270536154821
1650.0,-0.08249006882418489,0.14287699032334072,0.08249006882418489,-0.14287699032334072
1652.0,-0.08920289951958024,0.13631631886991752,0.08920289951958024,-0.13631631886991752
1654.0,-0.09545681254825172,0.12947447085007263,0.09545681254825172,-0.12947447085007263
1656.0,-0.10124245178176479,0.12238110125051106,0.10124245178176479,-0.12238110125051106
1658.0,-0.10655226738032317,0.11506598173688097,0.10655226738032317,-0.11506598173688097
1660.0,-0.11138049744921272,0.10755889611913272,0.11138049744921272,-0.10755889611913272
1662.0,-0.1157231439448537,0.09988953831009643,0.1157231439448537,-0.09988953831009643
1664.0,-0.11957794305355963,0.09208741307587939,0.11957794305355963,-0.09208741307587939
1666.0,-0.12294433028052035,0.08418173985955511,0.12294433028052035,-0.08418173985955511
1668.0,-0.1258234004996413,0.07620135994196903,0.1258234004996413,-0.07620135994196903
1670.0,-0.12821786322686166,0.06817464718520322,0.12821786322686166,-0.06817464718520322
1672.0,-0.13013199339024364,0.06012942258561555,0.13013199339024364,-0.06012942258561555
1674.0,-0.1315715778796334,0.052092872844256975,0.1315715778796334,-0.052092872844256975
1676.0,-0.13254385816687778,0.044091473143177046,0.13254385816687778,-0.044091473143177046
1678.0,-0.13305746929457818,0.03615091429650058,0.13305746929457818,-0.03615091429650058
1680.0,-0.13312237553707323,0.028296034425505677,0.13312237553707323,-0.028296034425505677
1682.0,-0.13274980304183093,0.020550755287121473,0.13274980304183093,-0.020550755287121473
1684.0,-0.13195216976270652,0.012938023365505653,0.13195216976270652,-0.012938023365505653
1686.0,-0.13074301299856772,0.005479755816708655,0.13074301299856772,-0.005479755816708655
1688.0,-0.12913691485167605,-0.0018032086631509297,0.12913691485167605,0.0018032086631509297
1690.0,-0.1271494259199176,-0.00889115399502705,0.1271494259199176,0.00889115399502705
1692.0,-0.12479698753557444,-0.015765525867315958,0.12479698753557444,0.015765525867315958
1694.0,-0.12209685286080432,-0.022408965865986678,0.12209685286080432,0.022408965865986678
1696.0,-0.1190670071464289,-0.028805340589331666,0.1190670071464289,0.028805340589331666
1698.0,-0.11572608745603474,-0.034939765769943586,0.11572608745603474,0.034939765769943586
1700.0,-0.11209330215180585,-0.040798625443865144,0.11209330215180585,0.040798625443865144
1702.0,-0.10818835043200417,-0.046369586223518444,0.10818835043200417,0.046369586223518444
1704.0,-0.1040313422025966,-0.051641606747171165,0.1040313422025966,0.051641606747171165
1706.0,-0.09964271855729431,-0.056604942393078665,0.09964271855729431,0.056604942393078665
1708.0,-0.09504317313122021,-0.061251145361225875,0.09504317313122021,0.061251145361225875
1710.0,-0.090253574583667,-0.06557306023953753,0.090253574583667,0.06557306023953753
1712.0,-0.08529489045493117,-0.06956481518469627,0.08529489045493117,0.06956481518469627
1714.0,-0.08018811263114282,-0.07322180886007759,0.08018811263114282,0.07322180886007759
1716.0,-0.07495418463933896,-0.07654069328495512,0.07495418463933896,0.07654069328495512
1718.0,-0.06961393098287863,-0.07951935275982451,0.06961393098287863,0.07951935275982451
1720.0,-0.06418798871464286,-0.08215687904261125,0.06418798871464286,0.08215687904261125
1722.0,-0.058696741432470084,-0.08445354295948515,0.058696741432470084,0.08445354295948515
1724.0,-0.05316025586787357,-0.08641076264213415,0.05316025586787357,0.08641076264213415
1726.0,-0.04759822122547285,-0.08803106859051862,0.04759822122547285,0.08803106859051862
1728.0,-0.042029891416657555,-0.08931806576644928,0.042029891416657555,0.08931806576644928
1730.0,-0.03647403031699026,-0.0902763929286897,0.03647403031699026,0.0902763929286897
1732.0,-0.03094886016265938,-0.09091167942479807,0.03094886016265938,0.09091167942479807
1734.0,-0.025472013187109975,-0.09123049965848393,0.025472013187109975,0.09123049965848393
1736.0,-0.020060486584719685,-0.09124032545398335,0.020060486584719685,0.09124032545398335
1738.0,-0.014730600874249489,-0.09094947654076048,0.014730600874249489,0.09094947654076048
1740.0,-0.009497961720682565,-0.09036706938283146,0.009497961720682565,0.09036706938283146
1742.0,-0.004377425260176071,-0.0895029645771197,0.004377425260176071,0.0895029645771197
1744.0,0.000616933040923009,-0.08836771304457036,-0.000616933040923009,0.08836771304457036
1746.0,0.005471845975497049,-0.08697250123626238,-0.005471845975497049,0.08697250123626238
1748.0,0.010174878629259372,-0.08532909557449256,-0.010174878629259372,0.08532909557449256
1750.0,0.014714448867124516,-0.08344978634581782,-0.014714448867124516,0.08344978634581782
1752.0,0.01907984429348862,-0.08134733125931841,-0.01907984429348862,0.08134733125931841
1754.0,0.023261235719634524,-0.07903489887896276,-0.023261235719634524,0.07903489887896276
1756.0,0.02724968718319107,-0.07652601213391053,-0.02724968718319107,0.07652601213391053
1758.0,0.03103716257574554,-0.07383449210494634,-0.03103716257574554,0.07383449210494634
1760.0,0.03461652894545613,-0.07097440227900895,-0.03461652894545613,0.07097440227900895
1762.0,0.0379815565516601,-0.06795999345702737,-0.0379815565516601,0.06795999345702737
1764.0,0.04112691575814877,-0.06480564949301339,-0.04112691575814877,0.06480564949301339
1766.0,0.044048170860810754,-0.06152583403464966,-0.044048170860810754,0.06152583403464966
1768.0,0.046741770953863226,-0.05813503842747717,-0.046741770953863226,0.05813503842747717
1770.0,0.04920503794673302,-0.05464773093628697,-0.04920503794673302,0.05464773093628697
1772.0,0.05143615185093786,-0.051078307428462956,-0.05143615185093786,0.051078307428462956
1774.0,0.05343413346292601,-0.047441043654904175,-0.05343413346292601,0.047441043654904175
1776.0,0.055198824574843985,-0.043750049254757124,-0.055198824574843985,0.043750049254757124
1778.0,0.05673086585055393,-0.04001922360058717,-0.05673086585055393,0.04001922360058717
1780.0,0.05803167250891916,-0.036262213590862874,-0.05803167250891916,0.036262213590862874
1782.0,0.059103407960468965,-0.032492373486714944,-0.059103407960468965,0.032492373486714944
1784.0,0.05994895554694634,-0.028722726879960924,-0.05994895554694634,0.028722726879960924
1786.0,0.06057188853605601,-0.024965930869333665,-0.06057188853605601,0.024965930869333665
1788.0,0.06097643852586483,-0.02123424251182815,-0.06097643852586483,0.02123424251182815
1790.0,0.061167462414853456,-0.017539487606034458,-0.061167462414853456,0.017539487606034458
1792.0,0.06115040809452542,-0.013893031854394647,-0.06115040809452542,0.013893031854394647
1794.0,0.060931279021818684,-0.0103057544414361,-0.060931279021818684,0.0103057544414361
1796.0,0.060516597828287846,-0.006788024055331653,-0.060516597828287846,0.006788024055331653
1798.0,0.05991336912221103,-0.003349677370547643,-0.05991336912221103,0.003349677370547643
1800.0,0.059129041638389945,-1.1585950652656772e-16,-0.059129041638389945,1.1585950652656772e-16
1802.0,0.0581714698885149,0.0032522900840311186,-0.0581714698885149,-0.0032522900840311186
1804.0,0.05704887546254978,0.006399056669844357,-0.05704887546254978,-0.006399056669844357
1806.0,0.05576980812869767,0.009432756985366515,-0.05576980812869767,-0.009432756985366515
1808.0,0.05434310687615345,0.012346450962847304,-0.05434310687615345,-0.012346450962847304
1810.0,0.0527778610410547,0.015133808123742104,-0.0527778610410547,-0.015133808123742104
1812.0,0.05108337165184395,0.017789112125939855,-0.05108337165184395,-0.017789112125939855
1814.0,0.04926911312566691,0.020307263022789724,-0.04926911312566691,-0.020307263022789724
1816.0,0.04734469544249633,0.022683777290245177,-0.04734469544249633,-0.022683777290245177
1818.0,0.04531982691840318,0.024914785684963414,-0.04531982691840318,-0.024914785684963414
1820.0,0.04320427769382737,0.02699702900225245,-0.04320427769382737,-0.02699702900225245
1822.0,0.04100784404687066,0.02892785180844744,-0.04100784404687066,-0.02892785180844744
1824.0,0.03874031363555856,0.03070519422750232,-0.03874031363555856,-0.03070519422750232
1826.0,0.03641143176672133,0.03232758186639472,-0.03641143176672133,-0.03232758186639472
1828.0,0.03403086878269345,0.03379411396827485,-0.03403086878269345,-0.03379411396827485
1830.0,0.03160818865038336,0.035104449886198014,-0.03160818865038336,-0.035104449886198014
1832.0,0.02915281883054689,0.03625879397372423,-0.02915281883054689,-0.03625879397372423
1834.0,0.026674021498225384,0.037257878991670254,-0.026674021498225384,-0.037257878991670254
1836.0,0.024180866178430512,0.038102948132850166,-0.024180866178430512,-0.038102948132850166
1838.0,0.021682203854176307,0.038795735768742776,-0.021682203854176307,-0.038795735768742776
1840.0,0.0191866425970254,0.039338447023690104,-0.0191866425970254,-0.039338447023690104
1842.0,0.016702524763341064,0.03973373628346129,-0.016702524763341064,-0.03973373628346129
1844.0,0.014237905792546473,0.03998468474581231,-0.014237905792546473,-0.03998468474581231
1846.0,0.011800534636825833,0.04009477712106225,-0.011800534636825833,-0.04009477712106225
1848.0,0.009397835844960544,0.04006787759067877,-0.009397835844960544,-0.04006787759067877
1850.0,0.007036893316321487,0.039908205131444247,-0.007036893316321487,-0.039908205131444247
1852.0,0.0047244357345408395,0.0396203083119762,-0.0047244357345408395,-0.0396203083119762
1854.0,0.002466823683996584,0.039209039667195,-0.002466823683996584,-0.039209039667195
1856.0,0.0002700384460675051,0.03867952975480826,-0.0002700384460675051,-0.03867952975480826
1858.0,-0.0018603275339097863,0.038037160996018914,0.0018603275339097863,-0.038037160996018914
1860.0,-0.0039190785238332046,0.03728754140046563,0.0039190785238332046,-0.03728754140046563
1862.0,-0.005901421746623819,0.036436478272924226,0.005901421746623819,-0.036436478272924226
1864.0,-0.007802972012384144,0.035489951996505384,0.007802972012384144,-0.035489951996505384
1866.0,-0.009619754771801312,0.03445408998404751,0.009619754771801312,-0.03445408998404751
1868.0,-0.011348207626501156,0.0333351408861017,0.011348207626501156,-0.0333351408861017
1870.0,-0.01298518033660812,0.03213944914037881,0.01298518033660812,-0.03213944914037881
1872.0,-0.014527933370058442,0.030873429943794394,0.014527933370058442,-0.030873429943794394
1874.0,-0.015974135042186928,0.029543544724323002,0.015974135042186928,-0.029543544724323002
1876.0,-0.017321857297815234,0.028156277185772193,0.017321857297815234,-0.028156277185772193
1878.0,-0.018569570191449614,0.026718109994352063,0.018569570191449614,-0.026718109994352063
1880.0,-0.019716135124295167,0.02523550217152959,0.019716135124295167,-0.02523550217152959
1882.0,-0.020760796899563616,0.02371486725318693,0.020760796899563616,-0.02371486725318693
1884.0,-0.0217031746600347,0.02216255227051945,0.0217031746600347,-0.02216255227051945
1886.0,-0.022543251773985074,0.020584817603479594,0.022543251773985074,-0.020584817603479594
1888.0,-0.023281364737460772,0.018987817752866582,0.023281364737460772,-0.018987817752866582
1890.0,-0.023918191162414646,0.017377583072456293,0.023918191162414646,-0.017377583072456293
1892.0,-0.02445473692148254,0.015760002497814576,0.02445473692148254,-0.015760002497814576
1894.0,-0.02489232252111441,0.014140807303721253,0.02489232252111441,-0.014140807303721253
1896.0,-0.02523256877544008,0.012525555917413632,0.02523256877544008,-0.012525555917413632
1898.0,-0.025477381853609513,0.010919619810202688,0.025477381853609513,-0.010919619810202688
1900.0,-0.025628937773449382,0.00932817048539624,0.025628937773449382,-0.00932817048539624
1902.0,-0.02568966641408167,0.00775616757593239,0.02568966641408167,-0.00775616757593239
1904.0,-0.025662235119717,0.00620834806066692,0.025662235119717,-0.00620834806066692
1906.0,-0.025549531966128927,0.004689216603917301,0.025549531966128927,-0.004689216603917301
1908.0,-0.025354648760379968,0.003203037018618132,0.025354648760379968,-0.003203037018618132
1910.0,-0.025080863843188164,0.0017538248493434412,0.025080863843188164,-0.0017538248493434412
1912.0,-0.024731624761939294,0.00034534106746888875,0.024731624761939294,-0.00034534106746888875
1914.0,-0.024310530880732976,-0.001018913133066765,0.024310530880732976,0.001018913133066765
1916.0,-0.023821315992058632,-0.00233570045461628,0.023821315992058632,0.00233570045461628
1918.0,-0.023267830992708072,-0.0036020505479963287,0.023267830992708072,0.0036020505479963287
1920.0,-0.022654026684376313,-0.004815262020012024,0.022654026684376313,0.004815262020012024
1922.0,-0.02198393675708618,-0.005972903421495356,0.02198393675708618,0.005972903421495356
1924.0,-0.021261661011114256,-0.007072813243979915,0.021261661011114256,0.007072813243979915
1926.0,-0.02049134887050365,-0.00811309895587793,0.02049134887050365,0.00811309895587793
1928.0,-0.019677183238547606,-0.009092135111594594,0.019677183238547606,0.009092135111594594
1930.0,-0.01882336474280857,-0.010008560569355448,0.01882336474280857,0.010008560569355448
1932.0,-0.01793409641434647,-0.010861274855685506,0.01793409641434647,0.010861274855685506
1934.0,-0.01701356884284319,-0.011649433716406149,0.01701356884284319,0.011649433716406149
1936.0,-0.016065945846282577,-0.012372443895766614,0.016065945846282577,0.012372443895766614
1938.0,-0.015095350690746618,-0.013029957186837565,0.015095350690746618,0.013029957186837565
1940.0,-0.014105852892769678,-0.013621863797627663,0.014105852892769678,0.013621863797627663
1942.0,-0.013101455633543037,-0.014148285078485555,0.013101455633543037,0.014148285078485555
1944.0,-0.012086083811102785,-0.014609565657270566,0.012086083811102785,0.014609565657270566
1946.0,-0.01106357275347968,-0.015006265029475966,0.01106357275347968,0.015006265029475966
1948.0,-0.010037657612638968,-0.015339148651005607,0.010037657612638968,0.015339148651005607
1950.0,-0.009011963455928109,-0.0156091785816215,0.009011963455928109,0.0156091785816215
1952.0,-0.007989996068656425,-0.015817503727211506,0.007989996068656425,0.015817503727211506
1954.0,-0.006975133478402821,-0.015965449728973232,0.006975133478402821,0.015965449728973232
1956.0,-0.005970618208657494,-0.016054508547383235,0.005970618208657494,0.016054508547383235
1958.0,-0.00497955026649381,-0.016086327788416805,0.00497955026649381,0.016086327788416805
1960.0,-0.004004880866121588,-0.01606269981892279,0.004004880866121588,0.01606269981892279
1962.0,-0.003049406887415027,-0.015985550717340553,0.003049406887415027,0.015985550717340553
1964.0,-0.00211576606584201,-0.015856929105068196,0.00211576606584201,0.015856929105068196
1966.0,-0.0012064329076480313,-0.015678994902792828,0.0012064329076480313,0.015678994902792828
1968.0,-0.0003237153216868871,-0.015454008054941005,0.0003237153216868871,0.015454008054941005
1970.0,0.0005302480430709258,-0.015184317264148931,-0.0005302480430709258,0.015184317264148931
1972.0,0.001353489767554262,-0.014872348776259344,-0.001353489767554262,0.014872348776259344
1974.0,0.0021442149554595255,-0.014520595254877975,-0.0021442149554595255,0.014520595254877975
1976.0,0.0029008018662861354,-0.014131604782917976,-0.0029008018662861354,0.014131604782917976
1978.0,0.0036218019077274167,-0.013707970026902067,-0.0036218019077274167,0.013707970026902067
1980.0,0.004305939008331954,-0.013252317598024085,-0.004305939008331954,0.013252317598024085
1982.0,0.004952108392959903,-0.012767297642158277,-0.004952108392959903,0.012767297642158277
1984.0,0.005559374785015331,-0.012255573689107338,-0.005559374785015331,0.012255573689107338
1986.0,0.006126970060773361,-0.011719812789451278,-0.006126970060773361,0.011719812789451278
1988.0,0.006654290382304858,-0.011162675965372713,-0.006654290382304858,0.011162675965372713
1990.0,0.007140892836562935,-0.010586808999820393,-0.007140892836562935,0.010586808999820393
1992.0,0.007586491609105239,-0.009994833586330026,-0.007586491609105239,0.009994833586330026
1994.0,0.00799095372171626,-0.009389338859766639,-0.00799095372171626,0.009389338859766639
1996.0,0.008354294363833536,-0.00877287332618408,-0.008354294363833536,0.00877287332618408
1998.0,0.00867667184819769,-0.008147937207924581,-0.00867667184819769,0.008147937207924581
